number,value,params_batch_size,params_beta1,params_learning_rate
0,2.277723900885155,27,0.633918398173721,0.00047631219360332657
